Start Error,End Error
58.0,58.0
7.981482758620694,7.205982758620686
7.413795959883523,8.043336600339696
0.012999999999976808,0.01999999999998181
1.2787500000000023,0.7317500000000052
6.711000000000013,3.1684999999999945
11.237499999999997,11.540499999999998
29.301000000000002,27.339999999999975
