,Hist_Threshold,SigLIP_Threshold,Total_Keyshots,Runtime_Seconds
count,16.0,16.0,16.0,16.0
mean,0.35000000000000003,0.825,2476.25,297.28812500000004
std,0.11547005383792516,0.05773502691896258,589.332334086634,71.06679751883668
min,0.2,0.75,1955.0,239.3
25%,0.275,0.7875000000000001,2031.75,255.84000000000003
50%,0.35,0.825,2283.0,277.4
75%,0.42500000000000004,0.8625,2753.0,306.1725
max,0.5,0.9,4014.0,530.17
